seed,accuracy-bound,normalized-accuracy-bound,correct-count-lower-bound,duration-proof-search,duration
50,0.8255227239685887,0.8262940538001818,1097307915855671524432554006926501531,2.1457672119140625e-06,273.0568325519562
