seed,loss,accuracy,model-seed,dataset-seed
7790,0.008755045543221058,0.9982916666666667,2981887488,48259840
