seed,loss,accuracy,num_correct,num_incorrect,cpu,duration
50,0.004564860688456942,0.9990665189613241,5519979,2354329,,311.8947539329529
