seed,accuracy-bound,normalized-accuracy-bound,correct-count-lower-bound,duration-proof-search,duration
50,0.9276767147958964,0.9283027302906388,1069538433811221798,1.430511474609375e-06,121.14580607414246
104,0.9124586002910307,0.9132057041956113,1051993142338992685,4.291534423828125e-06,120.1268618106842
123,0.929860702823525,0.9307144358904814,1072056400574078559,2.6226043701171875e-06,121.09088563919067
519,0.9077489669165744,0.9082658722466748,1046563304742767822,3.5762786865234375e-06,120.98036670684814
742,0.9295359201513492,0.9305235939502119,1071681951647003552,2.1457672119140625e-06,120.95777225494385
913,0.9331926912428441,0.9340505398069435,1075897921675812587,2.6226043701171875e-06,120.27012348175049
1185,0.9326838704661178,0.9335302224551969,1075311291260334057,4.291534423828125e-06,121.26116156578064
1283,0.9057090547470554,0.9062281036179862,1044211446135020332,2.1457672119140625e-06,121.18074655532837
