seed,accuracy-bound,normalized-accuracy-bound,correct-count-lower-bound,duration-proof-search,duration
50,0.8255227239685887,0.8262940538001818,1097307915855671524432554006926501531,2.1457672119140625e-06,273.0568325519562
123,0.8383149143424335,0.8394530325567512,1114311653427996331192630507967568931,9.5367431640625e-07,95.34051775932312
