seed,loss,accuracy,num_correct,num_incorrect,cpu,duration
50,0.0045648606884569,0.999066518961324,5519979,2354329,,311.8947539329529
123,0.003985266034070223,0.9986442145418771,4946206,2928102,,102.50246906280518
