seed,loss,accuracy,model-seed,dataset-seed
50,0.018848986963887,0.9947786458333332,736526336,1372813824
123,0.003991511642433276,0.9985885416666667,613947648,1914904320
