seed,loss,accuracy,model-seed,dataset-seed
50,0.018848986963887,0.9947786458333333,736526336,1372813824
