seed,loss,accuracy,num_correct,num_incorrect,cpu,duration
7790,0.008542248006554514,0.9984136119276721,48014749,7287021,,2005.0388417243958
