seed,loss,accuracy,model-seed,dataset-seed
50,0.002939980854775058,0.9993671875,736526336,1372813824
104,0.003559586496713261,0.9991822916666667,4180624640,365277440
123,0.004289464310541613,0.9990885416666667,613947648,1914904320
519,0.0025672462140695035,0.9994010416666667,311617792,1436402944
742,0.0034700652025445983,0.999015625,4049666560,3065824768
913,0.0034371149179908875,0.9990598958333333,1238376192,3687399936
1185,0.0036081578334415097,0.9990234375,4003141120,3898529024
1283,0.002433870441930291,0.999453125,3418722304,4015133184
