seed,accuracy-bound,normalized-accuracy-bound,correct-count-lower-bound,duration-proof-search,duration
7790,0.8766459439491188,0.878038854314644,1034960855762235068654,1.9073486328125e-06,995.6423728466034
