seed,loss,accuracy,num_correct,num_incorrect,cpu,duration
50,0.0030340440002431584,0.9993256343277732,6187113,733921,,255.28169226646423
104,0.0036985549498353767,0.9991818887013647,6107158,813876,,258.95827865600586
123,0.004310220557039004,0.9990827121251863,6107707,813327,,87.33640480041504
519,0.002515986374534071,0.9994308876443615,6348815,572219,,252.49609065055847
742,0.003806785509235376,0.9989385827449363,6049508,871526,,252.1471836566925
913,0.0033343220525997174,0.9990815822832492,6119896,801138,,252.12519645690918
1185,0.003285745902018081,0.9990933855501184,6064821,856213,,255.26471877098083
1283,0.0025117740740439594,0.9994272425795905,6205892,715142,,252.20088505744934
